<!--
  ~ Copyright 2018-present KunMinX
  ~
  ~ Licensed under the Apache License, Version 2.0 (the "License");
  ~ you may not use this file except in compliance with the License.
  ~ You may obtain a copy of the License at
  ~
  ~    http://www.apache.org/licenses/LICENSE-2.0
  ~
  ~ Unless required by applicable law or agreed to in writing, software
  ~ distributed under the License is distributed on an "AS IS" BASIS,
  ~ WITHOUT WARRANTIES OR CONDITIONS OF ANY KIND, either express or implied.
  ~ See the License for the specific language governing permissions and
  ~ limitations under the License.
  -->

<selector xmlns:android="http://schemas.android.com/apk/res/android">
    <item android:state_pressed="true">
        <shape android:shape="rectangle">
            <solid android:color="#40ffffff" />
        </shape>
    </item>
    <item android:state_focused="true">
        <shape android:shape="rectangle">
            <solid android:color="#40ffffff" />
        </shape>
    </item>
    <item android:state_selected="true">
        <shape android:shape="rectangle">
            <solid android:color="#40ffffff" />
        </shape>
    </item>
    <item android:drawable="@color/transparent" />
</selector>